{
  "version": 1,
  "author": "Anonymous maker",
  "editor": "wokwi",
  "parts": [
    { "type": "wokwi-breadboard-half", "id": "bb1", "top": -89.4, "left": 271.6, "attrs": {} },
    { "type": "wokwi-arduino-uno", "id": "uno", "top": 173.4, "left": 191.4, "attrs": {} },
    {
      "type": "wokwi-led",
      "id": "led1",
      "top": -3.6,
      "left": 291.8,
      "attrs": { "color": "blue" }
    },
    {
      "type": "wokwi-led",
      "id": "led2",
      "top": -3.6,
      "left": 320.6,
      "attrs": { "color": "blue" }
    },
    {
      "type": "wokwi-led",
      "id": "led3",
      "top": -3.6,
      "left": 349.4,
      "attrs": { "color": "blue" }
    },
    {
      "type": "wokwi-led",
      "id": "led4",
      "top": -3.6,
      "left": 378.2,
      "attrs": { "color": "blue" }
    },
    {
      "type": "wokwi-resistor",
      "id": "r1",
      "top": 72,
      "left": 335.45,
      "rotate": 90,
      "attrs": { "value": "220" }
    },
    {
      "type": "wokwi-resistor",
      "id": "r2",
      "top": 72,
      "left": 364.25,
      "rotate": 90,
      "attrs": { "value": "220" }
    },
    {
      "type": "wokwi-resistor",
      "id": "r3",
      "top": 72,
      "left": 306.65,
      "rotate": 90,
      "attrs": { "value": "220" }
    },
    {
      "type": "wokwi-resistor",
      "id": "r4",
      "top": 72,
      "left": 277.85,
      "rotate": 90,
      "attrs": { "value": "220" }
    },
    { "type": "wokwi-rgb-led", "id": "rgb1", "top": -82.4, "left": 413.9, "attrs": {} },
    {
      "type": "wokwi-resistor",
      "id": "r5",
      "top": -4.8,
      "left": 421.85,
      "rotate": 90,
      "attrs": { "value": "220" }
    },
    {
      "type": "wokwi-resistor",
      "id": "r6",
      "top": -4.8,
      "left": 412.25,
      "rotate": 90,
      "attrs": { "value": "220" }
    },
    {
      "type": "wokwi-resistor",
      "id": "r7",
      "top": -4.8,
      "left": 393.05,
      "rotate": 90,
      "attrs": { "value": "220" }
    },
    {
      "type": "wokwi-pushbutton-6mm",
      "id": "btn1",
      "top": 1,
      "left": 474.4,
      "rotate": 90,
      "attrs": { "color": "black" }
    },
    {
      "type": "wokwi-pushbutton-6mm",
      "id": "btn2",
      "top": 1,
      "left": 512.8,
      "rotate": 90,
      "attrs": { "color": "black" }
    },
    {
      "type": "wokwi-resistor",
      "id": "r8",
      "top": 62.4,
      "left": 508.25,
      "rotate": 90,
      "attrs": { "value": "1000" }
    },
    {
      "type": "wokwi-resistor",
      "id": "r9",
      "top": 62.4,
      "left": 479.45,
      "rotate": 90,
      "attrs": { "value": "1000" }
    }
  ],
  "connections": [
    [ "uno:4", "bb1:17b.i", "#8f4814", [ "v0" ] ],
    [ "uno:5", "bb1:18b.i", "orange", [ "v-86.4", "h-53.8" ] ],
    [ "uno:6", "bb1:14b.i", "white", [ "v0" ] ],
    [ "uno:7", "bb1:12b.j", "limegreen", [ "v0" ] ],
    [ "uno:8", "bb1:9b.j", "purple", [ "v0" ] ],
    [ "uno:9", "bb1:6b.j", "gray", [ "v0" ] ],
    [ "uno:10", "bb1:3b.j", "red", [ "v0" ] ],
    [ "uno:GND.1", "bb1:bn.24", "black", [ "v0" ] ],
    [ "uno:5V", "bb1:bp.25", "red", [ "v0" ] ],
    [ "led1:A", "bb1:3b.g", "", [ "$bb" ] ],
    [ "led1:C", "bb1:2b.g", "", [ "$bb" ] ],
    [ "led2:A", "bb1:6b.g", "", [ "$bb" ] ],
    [ "led2:C", "bb1:5b.g", "", [ "$bb" ] ],
    [ "led3:A", "bb1:9b.g", "", [ "$bb" ] ],
    [ "led3:C", "bb1:8b.g", "", [ "$bb" ] ],
    [ "led4:A", "bb1:12b.g", "", [ "$bb" ] ],
    [ "led4:C", "bb1:11b.g", "", [ "$bb" ] ],
    [ "r4:1", "bb1:2b.h", "", [ "$bb" ] ],
    [ "r4:2", "bb1:bn.1", "", [ "$bb" ] ],
    [ "r3:1", "bb1:5b.h", "", [ "$bb" ] ],
    [ "r3:2", "bb1:bn.4", "", [ "$bb" ] ],
    [ "r1:1", "bb1:8b.h", "", [ "$bb" ] ],
    [ "r1:2", "bb1:bn.6", "", [ "$bb" ] ],
    [ "r2:1", "bb1:11b.h", "", [ "$bb" ] ],
    [ "r2:2", "bb1:bn.9", "", [ "$bb" ] ],
    [ "r7:1", "bb1:14t.b", "", [ "$bb" ] ],
    [ "r7:2", "bb1:14b.f", "", [ "$bb" ] ],
    [ "r6:1", "bb1:16t.b", "", [ "$bb" ] ],
    [ "r6:2", "bb1:16b.f", "", [ "$bb" ] ],
    [ "r5:1", "bb1:17t.b", "", [ "$bb" ] ],
    [ "r5:2", "bb1:17b.f", "", [ "$bb" ] ],
    [ "rgb1:R", "bb1:14t.a", "", [ "$bb" ] ],
    [ "rgb1:COM", "bb1:15t.b", "", [ "$bb" ] ],
    [ "rgb1:G", "bb1:16t.a", "", [ "$bb" ] ],
    [ "rgb1:B", "bb1:17t.a", "", [ "$bb" ] ],
    [ "bb1:bp.13", "bb1:15t.c", "black", [ "v0" ] ],
    [ "btn2:1.l", "bb1:26t.e", "", [ "$bb" ] ],
    [ "btn2:2.l", "bb1:24t.e", "", [ "$bb" ] ],
    [ "btn2:1.r", "bb1:26b.f", "", [ "$bb" ] ],
    [ "btn2:2.r", "bb1:24b.f", "", [ "$bb" ] ],
    [ "btn1:1.l", "bb1:22t.e", "", [ "$bb" ] ],
    [ "btn1:2.l", "bb1:20t.e", "", [ "$bb" ] ],
    [ "btn1:1.r", "bb1:22b.f", "", [ "$bb" ] ],
    [ "btn1:2.r", "bb1:20b.f", "", [ "$bb" ] ],
    [ "rgb1:COM", "bb1:15t.a", "green", [ "v0" ] ],
    [ "uno:2", "bb1:26b.g", "blue", [ "v0" ] ],
    [ "uno:3", "bb1:22b.g", "cyan", [ "v0" ] ],
    [ "r9:1", "bb1:22b.h", "green", [ "h0" ] ],
    [ "r9:2", "bb1:bp.18", "green", [ "h0" ] ],
    [ "r9:1", "bb1:23b.g", "", [ "$bb" ] ],
    [ "r9:2", "bb1:bp.19", "", [ "$bb" ] ],
    [ "r8:1", "bb1:26b.h", "green", [ "h0" ] ],
    [ "r8:2", "bb1:bp.21", "green", [ "h0" ] ],
    [ "r8:1", "bb1:26b.g", "", [ "$bb" ] ],
    [ "bb1:20b.h", "bb1:bn.16", "green", [ "v0" ] ],
    [ "bb1:24b.h", "bb1:bn.20", "green", [ "v0" ] ]
  ],
  "dependencies": {}
}